,Unnamed: 0,Course,Job,Company,Location,Link
0,0,Data Analytics,Data Analyst,IKEA,"Malmo, Suécia",https://www.linkedin.com/jobs/view/2576902120/?eBP=JOB_SEARCH_ORGANIC&recommendedFlavor=COMPANY_RECRUIT&refId=ClyilR6NPz4YpvFshNDHCQ%3D%3D&trackingId=6jbAHJKATRCbYoE%2F%2FUxdYQ%3D%3D&trk=flagship3_search_srp_jobs
1,1,Data Analytics,Data Scientist,Volvo Group,"Gotemburgo, Suécia",https://www.linkedin.com/jobs/view/2573853820/?eBP=JOB_SEARCH_ORGANIC&recommendedFlavor=COMPANY_RECRUIT&refId=ClyilR6NPz4YpvFshNDHCQ%3D%3D&trackingId=4yKHaBBeYHrsJzHFxYo%2FiQ%3D%3D&trk=flagship3_search_srp_jobs
2,2,Data Analytics,Business Intelligence Analyst - Personalization,Spotify,"Estocolmo, Suécia",https://www.linkedin.com/jobs/view/2500120866/?eBP=JOB_SEARCH_ORGANIC&recommendedFlavor=COMPANY_RECRUIT&refId=ClyilR6NPz4YpvFshNDHCQ%3D%3D&trackingId=ZoDAp16%2F%2F0n9cs3mBeoWyA%3D%3D&trk=flagship3_search_srp_jobs
3,3,Data Analytics,Analytics Analyst,Electrolux,"Estocolmo, Suécia",https://www.linkedin.com/jobs/view/2567390482/?eBP=JOB_SEARCH_ORGANIC&recommendedFlavor=COMPANY_RECRUIT&refId=ClyilR6NPz4YpvFshNDHCQ%3D%3D&trackingId=ETJIe3t%2BSyqcxvHhO2pIxg%3D%3D&trk=flagship3_search_srp_jobs
4,0,Data Analytics,"Data & Analytics Consultant, Tableau",Salesforce,"Frankfurt, Alemanha",https://www.linkedin.com/jobs/view/2559929192/?eBP=JOB_SEARCH_ORGANIC&recommendedFlavor=ACTIVELY_HIRING_COMPANY&refId=yvO35d1EWsMp1mYnFq8mgQ%3D%3D&trackingId=uxOyhitGid0CVXddmwGxyw%3D%3D&trk=flagship3_search_srp_jobs
5,1,Data Analytics,"Business Intelligence Analyst, Finance",Google,"Hamburgo, Alemanha",https://www.linkedin.com/jobs/view/2543888850/?eBP=JOB_SEARCH_ORGANIC&recommendedFlavor=COMPANY_RECRUIT&refId=yvO35d1EWsMp1mYnFq8mgQ%3D%3D&trackingId=OqfN2OtqKbYu0tiqIFHTFQ%3D%3D&trk=flagship3_search_srp_jobs
6,2,Data Analytics,Data Analyst (m/f/d),Danone,"Frankfurt, Alemanha",https://www.linkedin.com/jobs/view/2492641813/?eBP=JOB_SEARCH_ORGANIC&recommendedFlavor=COMPANY_RECRUIT&refId=yvO35d1EWsMp1mYnFq8mgQ%3D%3D&trackingId=KjjHQ4%2BmYqDIpl4Krhtbmw%3D%3D&trk=flagship3_search_srp_jobs
7,0,Data Analytics,Data & Analytics Specialist,UBS,"Londres, Inglaterra",https://www.linkedin.com/jobs/view/2552479352/?eBP=JOB_SEARCH_ORGANIC&recommendedFlavor=COMPANY_RECRUIT&refId=DNNEH5Bwjwxkd54aAP%2FBEA%3D%3D&trackingId=HFDMRObJ07cdU4YI5211nw%3D%3D&trk=flagship3_search_srp_jobs
8,1,Data Analytics,"Data & Analytics Consultant, Tableau",Salesforce,"Londres, Inglaterra",https://www.linkedin.com/jobs/view/2559926615/?eBP=JOB_SEARCH_ORGANIC&recommendedFlavor=COMPANY_RECRUIT&refId=DNNEH5Bwjwxkd54aAP%2FBEA%3D%3D&trackingId=VNpfKQZXljx8TSTRsWvxZw%3D%3D&trk=flagship3_search_srp_jobs
9,2,Data Analytics,Business Intelligence Analyst,Amazon,"Londres, Inglaterra",https://www.linkedin.com/jobs/view/2555841725/?eBP=JOB_SEARCH_ORGANIC&recommendedFlavor=COMPANY_RECRUIT&refId=DNNEH5Bwjwxkd54aAP%2FBEA%3D%3D&trackingId=TH5ZRpI0bsN8zGRz%2Bq4HeA%3D%3D&trk=flagship3_search_srp_jobs
10,3,Data Analytics,Data Developer,Burberry,"Londres, Inglaterra",https://www.linkedin.com/jobs/view/2570432178/?eBP=JOB_SEARCH_ORGANIC&recommendedFlavor=ACTIVELY_HIRING_COMPANY&refId=DNNEH5Bwjwxkd54aAP%2FBEA%3D%3D&trackingId=Nfg5s8yDHV%2BbvQfhCH%2Fw0w%3D%3D&trk=flagship3_search_srp_jobs
11,4,Data Analytics,Data Scientist,BBC,"Salford, Inglaterra",https://www.linkedin.com/jobs/view/2573852616/?eBP=JOB_SEARCH_ORGANIC&recommendedFlavor=COMPANY_RECRUIT&refId=DNNEH5Bwjwxkd54aAP%2FBEA%3D%3D&trackingId=DWaUEKpc2Txq0mOT%2BjjqRg%3D%3D&trk=flagship3_search_srp_jobs
12,0,Data Analytics,Finance Coordinator - Data and Analytics,Unilever,"São Paulo, Brasil",https://www.linkedin.com/jobs/view/2572061714/?eBP=JOB_SEARCH_ORGANIC&recommendedFlavor=COMPANY_RECRUIT&refId=8oJyyem2dvjXnoYWsT70WA%3D%3D&trackingId=T97uw0opdH9s6BcdfPtB7Q%3D%3D&trk=flagship3_search_srp_jobs
13,1,Data Analytics,Data Scientist,Microsoft,"Rio de Janeiro, Brasil",https://www.linkedin.com/jobs/view/2535404355/?eBP=JOB_SEARCH_ORGANIC&recommendedFlavor=ACTIVELY_HIRING_COMPANY&refId=8oJyyem2dvjXnoYWsT70WA%3D%3D&trackingId=fbhGCEMKd3kz6XoHjM%2BUvQ%3D%3D&trk=flagship3_search_srp_jobs
14,2,Data Analytics,Data Analytics | Full Remote,Dextra,"São Paulo, Brasil",https://www.linkedin.com/jobs/view/2522705652/?eBP=JOB_SEARCH_ORGANIC&recommendedFlavor=ACTIVELY_HIRING_COMPANY&refId=8oJyyem2dvjXnoYWsT70WA%3D%3D&trackingId=NdGhuMMXK1y09aSevQjSGA%3D%3D&trk=flagship3_search_srp_jobs
15,3,Data Analytics,Financial Analyst,Amazon,"Rio de Janeiro, Brasil",https://www.linkedin.com/jobs/view/2523742393/?eBP=JOB_SEARCH_ORGANIC&recommendedFlavor=COMPANY_RECRUIT&refId=8oJyyem2dvjXnoYWsT70WA%3D%3D&trackingId=Hb8UFIaftAnQr%2FvK8qHSQg%3D%3D&trk=flagship3_search_srp_jobs
16,4,Data Analytics,Data Analytics,XP Inc.,"São Paulo, Brasil",https://www.linkedin.com/jobs/view/2552667908/?eBP=JOB_SEARCH_ORGANIC&recommendedFlavor=COMPANY_RECRUIT&refId=8oJyyem2dvjXnoYWsT70WA%3D%3D&trackingId=IGx0xaVZopcm47b4RXtC7Q%3D%3D&trk=flagship3_search_srp_jobs
17,0,Data Analytics,Data & Analytics Consultant,EY,"Bari, Itália",https://www.linkedin.com/jobs/view/2557902702/?eBP=JOB_SEARCH_ORGANIC&recommendedFlavor=COMPANY_RECRUIT&refId=AVJJch%2BfimGGJeTZbtr4zw%3D%3D&trackingId=nfM8%2FDjrnT0%2FuCd%2FzrVGmQ%3D%3D&trk=flagship3_search_srp_jobs
18,1,Data Analytics,Business Intelligence Analyst,Prada Group,"Milão, Itália",https://www.linkedin.com/jobs/view/2556899944/?eBP=JOB_SEARCH_ORGANIC&recommendedFlavor=COMPANY_RECRUIT&refId=AVJJch%2BfimGGJeTZbtr4zw%3D%3D&trackingId=bPwkfdzrpM786qsqudIIvw%3D%3D&trk=flagship3_search_srp_jobs
19,2,Data Analytics,Junior Data Analytics Consultant,SDG Group Italy,"Milão, Itália",https://www.linkedin.com/jobs/view/2558980584/?eBP=JOB_SEARCH_ORGANIC&recommendedFlavor=COMPANY_RECRUIT&refId=AVJJch%2BfimGGJeTZbtr4zw%3D%3D&trackingId=HrLHn92rIpOPGgPnGRGkRw%3D%3D&trk=flagship3_search_srp_jobs
20,3,Data Analytics,BI and Data Analytics Consultant,KPMG Italy,"Turim, Itália",https://www.linkedin.com/jobs/view/2564966451/?eBP=JOB_SEARCH_ORGANIC&recommendedFlavor=COMPANY_RECRUIT&refId=AVJJch%2BfimGGJeTZbtr4zw%3D%3D&trackingId=hkVshQIsSJAlhG1hc0h%2BaA%3D%3D&trk=flagship3_search_srp_jobs
21,4,Data Analytics,Data Scientist,Moncler,"Milão, Itália",https://www.linkedin.com/jobs/view/2543724776/?eBP=JOB_SEARCH_ORGANIC&recommendedFlavor=COMPANY_RECRUIT&refId=AVJJch%2BfimGGJeTZbtr4zw%3D%3D&trackingId=AjpaxOOX9SC00nFJ%2B52LDg%3D%3D&trk=flagship3_search_srp_jobs
22,0,Data Analytics,Junior Data Analyst,Amazon,"Barcelona, Espanha",https://www.linkedin.com/jobs/view/2454051840/?eBP=JOB_SEARCH_ORGANIC&recommendedFlavor=COMPANY_RECRUIT&refId=0c%2FAuzRDnUlxSRaIJaESrw%3D%3D&trackingId=6AD%2BLh9jy%2BfW%2BGdlTUlTXw%3D%3D&trk=flagship3_search_srp_jobs
23,1,Data Analytics,Data & Analytics Lead,Cognizant,"Madrid, Espanha",https://www.linkedin.com/jobs/view/2577473005/?eBP=JOB_SEARCH_ORGANIC&recommendedFlavor=COMPANY_RECRUIT&refId=0c%2FAuzRDnUlxSRaIJaESrw%3D%3D&trackingId=thB3pOdJfLRbpHIP2HV5Gg%3D%3D&trk=flagship3_search_srp_jobs
24,2,Data Analytics,Data Scientist,PepsiCo,"Barcelona, Espanha",https://www.linkedin.com/jobs/view/2573811832/?eBP=JOB_SEARCH_ORGANIC&recommendedFlavor=ACTIVELY_HIRING_COMPANY&refId=0c%2FAuzRDnUlxSRaIJaESrw%3D%3D&trackingId=lBQYOsT5j4%2B4VRnn9SR3qQ%3D%3D&trk=flagship3_search_srp_jobs
25,3,Data Analytics,"Customer Engineer, Data Analytics, Google Cloud",Google,"Madrid, Espanha",https://www.linkedin.com/jobs/view/2537817614/?eBP=JOB_SEARCH_ORGANIC&recommendedFlavor=COMPANY_RECRUIT&refId=0c%2FAuzRDnUlxSRaIJaESrw%3D%3D&trackingId=tnQOBI4wokKT3hpDdZXpeQ%3D%3D&trk=flagship3_search_srp_jobs
26,4,Data Analytics,Data Analytics Trainee,Zurich Insurance Company Ltd,"Barcelona, Espanha",https://www.linkedin.com/jobs/view/2573872233/?eBP=JOB_SEARCH_ORGANIC&recommendedFlavor=ACTIVELY_HIRING_COMPANY&refId=0c%2FAuzRDnUlxSRaIJaESrw%3D%3D&trackingId=LNJStT7ffDpavJ9kYVkNQw%3D%3D&trk=flagship3_search_srp_jobs
27,0,Data Analytics,Data Analytics Consultant,Ytech,"Lisboa, Portugal",https://www.linkedin.com/jobs/view/2552620190/?eBP=CwEAAAF5zWaCBI9w_orrCBOT4PQ7rmB2XNW3iNb-zdUmcp57iuqolxIQmdi-VUnWDTUDGQgRxQQQUNbMXS8RGUCRmUhDtGXw2l2EMyuc87DwgedRyB85I5RtzsfegsXZDjSXXmramUecM2_lbDkkTtG38grVFEJwKo_Txx-Sf-4pQryUV8Exfq-3dNKUSItfhWqecaxnmaooHh6KHlpLi2JCme38ebzPavZCN8zgDqTQkQC7iKTLfABUMzK4M4JM_qETxNcBYC2IJGydoJdja5zNtG6C7sVBjaXb1zDW52CRRkcSPFt1kQgWgA56Tbr_FmCXsPE7ymV-dTg4P_0fk1x-fqt2hyXupLrAA8tguGafbMpmnYigkiBLA-XArrRF&recommendedFlavor=ACTIVELY_HIRING_COMPANY&refId=ugHTAShsrrZWFW3DfClnuw%3D%3D&trackingId=CejjObuzH996DJqm4mevFQ%3D%3D&trk=flagship3_search_srp_jobs
28,1,Data Analytics,Data Analytics - Python Developer (m/f) - Lisboa,BOLD by Devotam,"Lisboa, Portugal",https://www.linkedin.com/jobs/view/2547701342/?eBP=CwEAAAF5zWaCBPuJNHcEnnS7hB5uYw35gorVNRqu29jB1U4tDPdOqdB073EuXMPHBjbpbErIx_o5j4F_PTyx1zFeDMrPRszO778ZXaTmv7d5CKG7kbHGCyoW3d0O-Sv4XVIDZnjDmBNX3QoZJSdnBKPLWEcM8yXeCfwlt2hMH5hXPArIbGQXSzkFNjEyskIJMEn3PRF1e4Y0wf9bvznqrkCS1HX6mx5nY79s57iAkU_6Hrvf1u1cSa1d8sOJc_eLo1CmfyK7lM4CUBR4AnanHtMFfwZW4w5j17H8Z0FsjzjW2e1QwdgKqXhBuEANoxaHtDDhDYGtKE9FgZoWzXshVw7ad4hBnsnt5NYUPrGYPhkQRqCginDYr80B4R19SliO&recommendedFlavor=COMPANY_RECRUIT&refId=ugHTAShsrrZWFW3DfClnuw%3D%3D&trackingId=AuafBHUDOAbPbh8ghTQAUg%3D%3D&trk=flagship3_search_srp_jobs
29,2,Data Analytics,Senior Data Analytics Architect (M/F),Adidas,"Porto, Portugal",https://www.linkedin.com/jobs/view/2467276236/?eBP=CwEAAAF5zWaCBM3tCx5S2RF51VM69esKJvaTQXGc8d52us9HBoBdT62aCqDyL0I8XNB6YnSJMPR_s1nAytl8ESMbsehWYAJYXX83TS_Z5KA8s5lLvVCmrwWpW8n4AFhh3cXqoGwvZfqU_1eN8SD-EMhgk8xSbloKCsA0LP1uWXViwR8G_V9j-YeMGsMV5nLW1qVHICTwNlQ5gBMcT1z5YbyYqqYG3ETU7HL4TQ6HQeadky0PFNXpqNZhF_MgRcv1faQfAgSQk_7avWxKwEbu7S37RcjTcgMyHsrRHmVN1a9sE3zMSBOmpDJBnC03K6Jg8i6rhMmyARyLHFqoYCuLkH3WnK0LuPiAl7Si5EGV5bJzPIC1xNfWhlmSAuInopfg&recommendedFlavor=JOB_SEEKER_QUALIFIED&refId=ugHTAShsrrZWFW3DfClnuw%3D%3D&trackingId=pqv%2B1JaVYVVsmjy59y3zNw%3D%3D&trk=flagship3_search_srp_jobs
30,3,Data Analytics,Data Analytics,EDP,"Lisboa, Portugal",https://www.linkedin.com/jobs/view/2577668656/?eBP=JOB_SEARCH_ORGANIC&recommendedFlavor=COMPANY_RECRUIT&refId=ugHTAShsrrZWFW3DfClnuw%3D%3D&trackingId=bmJSQV%2Bxv8cEF7RkplMalw%3D%3D&trk=flagship3_search_srp_jobs
31,4,Data Analytics,Data Analytics Senior Consultant,Ytech,"Lisboa, Portugal",https://www.linkedin.com/jobs/view/2552623043/?eBP=CwEAAAF5zWaCBCRuMb0nKaHAMF7FW0E7qtOaZgqRcN7pKbIQWlfoEa10EuRaX7TQb7JSf8p_ybG7IeSBuRTY5Huj6f9cHVpq2efjn9d5k0VwmShTEZCEvi_El-gp_5SMIP36D1C5xXscoBVZ9_1F_VuQp1BqaDBpNSXk_DXNJqBqo23k-jjTfyyvTN5-_MOPbRUgNtHOdqvWObfnslmnCTfnMoGbnuc72sJWoSrC83jTX5w0DWgWiCxbJ_X2F-dPfgI9adS4ys1CWZ8XfnNwBmnJDDUpWgZTruj_yuOOsFfWMzyYxY1PdjlRbECj82Z42nKgXWQlmsHJX4J8NbO7mO59keeYiEuy6Tiey9M-T36SKjXmN3QD66wzG4DCbHYA&recommendedFlavor=ACTIVELY_HIRING_COMPANY&refId=ugHTAShsrrZWFW3DfClnuw%3D%3D&trackingId=P%2B5tRylRByl3OCyCl1q7Yw%3D%3D&trk=flagship3_search_srp_jobs
0,0,UX/UI Designer,"UX Interaction Designer, Video",Google,"Estocolmo, Suécia",https://www.linkedin.com/jobs/view/2560772690/?eBP=JOB_SEARCH_ORGANIC&recommendedFlavor=COMPANY_RECRUIT&refId=axJF4YLTCvFe9N%2BR2tALoA%3D%3D&trackingId=x%2B0E2RXW8K2eHMU56%2F8qDg%3D%3D&trk=flagship3_search_srp_jobs
1,1,UX/UI Designer,Junior UX-Designer,CheckProof,"Estocolmo, Suécia",https://www.linkedin.com/jobs/view/2558821584/?eBP=JOB_SEARCH_ORGANIC&refId=axJF4YLTCvFe9N%2BR2tALoA%3D%3D&trackingId=mEra8knXmLDFVhSVYJhgrA%3D%3D&trk=flagship3_search_srp_jobs
2,2,UX/UI Designer,Product Designer UX/UI,Most Studios,"Estocolmo, Suécia",https://www.linkedin.com/jobs/view/2574870311/?eBP=JOB_SEARCH_ORGANIC&recommendedFlavor=ACTIVELY_HIRING_COMPANY&refId=axJF4YLTCvFe9N%2BR2tALoA%3D%3D&trackingId=PRsi09dQ9Y%2B9a59UcaNPHg%3D%3D&trk=flagship3_search_srp_jobs
3,3,UX/UI Designer,UX/UI Designer,Hive Streaming,"Estocolmo, Suécia",https://www.linkedin.com/jobs/view/2567322370/?eBP=JOB_SEARCH_ORGANIC&recommendedFlavor=ACTIVELY_HIRING_COMPANY&refId=axJF4YLTCvFe9N%2BR2tALoA%3D%3D&trackingId=hzZ35I7ts2A1XhVo9VhPDQ%3D%3D&trk=flagship3_search_srp_jobs
4,4,UX/UI Designer,UX Designer,G-Loot,"Estocolmo, Suécia",https://www.linkedin.com/jobs/view/2558831614/?eBP=JOB_SEARCH_ORGANIC&refId=axJF4YLTCvFe9N%2BR2tALoA%3D%3D&trackingId=B0BnE2M6%2FsIkHnOPGKlsTA%3D%3D&trk=flagship3_search_srp_jobs
5,0,UX/UI Designer,"Visual Designer, Advertising",Amazon,"Munique, Alemanha",https://www.linkedin.com/jobs/view/2431522272/?eBP=JOB_SEARCH_ORGANIC&recommendedFlavor=COMPANY_RECRUIT&refId=tqUPxlHNUnoWeMmDxzVIQw%3D%3D&trackingId=0GvXXTYbVfpatrT%2BE2i2jQ%3D%3D&trk=flagship3_search_srp_jobs
6,1,UX/UI Designer,"UX Writer, Google Shopping",Google,"Munique, Alemanha",https://www.linkedin.com/jobs/view/2479912372/?eBP=JOB_SEARCH_ORGANIC&recommendedFlavor=COMPANY_RECRUIT&refId=tqUPxlHNUnoWeMmDxzVIQw%3D%3D&trackingId=VbN2d8uhKcfo1EkePE1G6Q%3D%3D&trk=flagship3_search_srp_jobs
7,2,UX/UI Designer,UX/UI Design*,Capco,"Berlim, Alemanha",https://www.linkedin.com/jobs/view/2516784564/?eBP=JOB_SEARCH_ORGANIC&recommendedFlavor=ACTIVELY_HIRING_COMPANY&refId=tqUPxlHNUnoWeMmDxzVIQw%3D%3D&trackingId=B3FjWwax9bn3ccFC9Wbwrg%3D%3D&trk=flagship3_search_srp_jobs
8,3,UX/UI Designer,UX/UI Design Lead,James Chase,"Dusseldorf, Alemanha",https://www.linkedin.com/jobs/view/2525963774/?eBP=JOB_SEARCH_ORGANIC&recommendedFlavor=ACTIVELY_HIRING_COMPANY&refId=tqUPxlHNUnoWeMmDxzVIQw%3D%3D&trackingId=XGVb5DJtz2JzZTM7YCe71A%3D%3D&trk=flagship3_search_srp_jobs
9,4,UX/UI Designer,Junior Product Designer (m/f/x),HelloFresh,"Berlim, Alemanha",https://www.linkedin.com/jobs/view/2575577162/?eBP=JOB_SEARCH_ORGANIC&recommendedFlavor=COMPANY_RECRUIT&refId=tqUPxlHNUnoWeMmDxzVIQw%3D%3D&trackingId=4Hhint%2BnIzZakIKP5BLyVg%3D%3D&trk=flagship3_search_srp_jobs
10,0,UX/UI Designer,Product Designer - Content Platform,Spotify,"Londres, Inglaterra",https://www.linkedin.com/jobs/view/2543299736/?eBP=JOB_SEARCH_ORGANIC&recommendedFlavor=COMPANY_RECRUIT&refId=w%2BeQyMkAqFK0JwbRc4aLBw%3D%3D&trackingId=FQcPNMDG%2FmkN1y1hmBWoEw%3D%3D&trk=flagship3_search_srp_jobs
11,1,UX/UI Designer,Product Designer - WhatsApp,WhatsApp,"Londres, Inglaterra",https://www.linkedin.com/jobs/view/2570267100/?eBP=JOB_SEARCH_ORGANIC&recommendedFlavor=COMPANY_RECRUIT&refId=w%2BeQyMkAqFK0JwbRc4aLBw%3D%3D&trackingId=aWmvW3Hw%2B%2FE8r7qZM1EERg%3D%3D&trk=flagship3_search_srp_jobs
12,2,UX/UI Designer,UX & UI Designer,Barclays UK,"Londres, Inglaterra",https://www.linkedin.com/jobs/view/2547333354/?eBP=JOB_SEARCH_ORGANIC&recommendedFlavor=COMPANY_RECRUIT&refId=w%2BeQyMkAqFK0JwbRc4aLBw%3D%3D&trackingId=NxXt2xUniICMcyDBTyirlQ%3D%3D&trk=flagship3_search_srp_jobs
13,3,UX/UI Designer,Graduate UX/UI Content Designer 2021,Capgemini,"Birmingham, Inglaterra",https://www.linkedin.com/jobs/view/2538117602/?eBP=JOB_SEARCH_ORGANIC&recommendedFlavor=COMPANY_RECRUIT&refId=w%2BeQyMkAqFK0JwbRc4aLBw%3D%3D&trackingId=bLh%2B%2BcARo3oFTdyUN2NC2g%3D%3D&trk=flagship3_search_srp_jobs
14,4,UX/UI Designer,"UX Designer, Google Health",Google,"Londres, Inglaterra",https://www.linkedin.com/jobs/view/2482895700/?eBP=JOB_SEARCH_ORGANIC&recommendedFlavor=COMPANY_RECRUIT&refId=w%2BeQyMkAqFK0JwbRc4aLBw%3D%3D&trackingId=WlaAJb9AWa1aPQIDBuMn%2FA%3D%3D&trk=flagship3_search_srp_jobs
15,0,UX/UI Designer,UX Designer,Amazon,"São Paulo, Brasil",https://www.linkedin.com/jobs/view/2541747407/?eBP=JOB_SEARCH_ORGANIC&recommendedFlavor=COMPANY_RECRUIT&refId=GCjYlkG2TwzSwh1%2BQfkk9g%3D%3D&trackingId=rrQw7OCgPcpJwvxcPmiHjA%3D%3D&trk=flagship3_search_srp_jobs
16,1,UX/UI Designer,UX/UI Designer,Accenture Brasil,"São Paulo, Brasil",https://www.linkedin.com/jobs/view/2444403534/?eBP=JOB_SEARCH_ORGANIC&recommendedFlavor=COMPANY_RECRUIT&refId=GCjYlkG2TwzSwh1%2BQfkk9g%3D%3D&trackingId=pinODtZAKaSz8nXRtwrGqw%3D%3D&trk=flagship3_search_srp_jobs
17,0,UX/UI Designer,Gucci Visual Designer,Gucci,"Milão, Itália",https://www.linkedin.com/jobs/view/2566917138/?eBP=JOB_SEARCH_ORGANIC&recommendedFlavor=COMPANY_RECRUIT&refId=NW%2B6bZLfLyzft5iZqtMRWA%3D%3D&trackingId=FJM0fQYd%2BI02FrCxcK1KlQ%3D%3D&trk=flagship3_search_srp_jobs
18,1,UX/UI Designer,Junior UI Designer,Giorgio Armani,"Milão, Itália",https://www.linkedin.com/jobs/view/2557910064/?eBP=JOB_SEARCH_ORGANIC&recommendedFlavor=COMPANY_RECRUIT&refId=NW%2B6bZLfLyzft5iZqtMRWA%3D%3D&trackingId=iAmEoAk9Z24GffSGZHBqeQ%3D%3D&trk=flagship3_search_srp_jobs
19,2,UX/UI Designer,JUNIOR UX/UI DESIGNER,IGT,"Roma, Itália",https://www.linkedin.com/jobs/view/2535435140/?eBP=JOB_SEARCH_ORGANIC&recommendedFlavor=COMPANY_RECRUIT&refId=NW%2B6bZLfLyzft5iZqtMRWA%3D%3D&trackingId=nBOmeCSdEI8IdpU64ezPaA%3D%3D&trk=flagship3_search_srp_jobs
20,3,UX/UI Designer,UX/UI Designer,Cortilia,"Milão, Itália",https://www.linkedin.com/jobs/view/2570823546/?eBP=JOB_SEARCH_ORGANIC&recommendedFlavor=ACTIVELY_HIRING_COMPANY&refId=NW%2B6bZLfLyzft5iZqtMRWA%3D%3D&trackingId=jVuGvhIMjfak8t84KjjKMA%3D%3D&trk=flagship3_search_srp_jobs
21,0,UX/UI Designer,UX Designer – Amazon Business,Amazon,"Madrid, Espanha",https://www.linkedin.com/jobs/view/2497778721/?eBP=JOB_SEARCH_ORGANIC&recommendedFlavor=COMPANY_RECRUIT&refId=yTLkvhAkj0Gx0GxMZdEFlQ%3D%3D&trackingId=q6LwnVSVzF3qI0efJeGjiA%3D%3D&trk=flagship3_search_srp_jobs
22,1,UX/UI Designer,UX/UI Designer - Gestión Proyectos,Movetia,"Barcelona, Espanha",https://www.linkedin.com/jobs/view/2581161949/?eBP=JOB_SEARCH_ORGANIC&recommendedFlavor=ACTIVELY_HIRING_COMPANY&refId=yTLkvhAkj0Gx0GxMZdEFlQ%3D%3D&trackingId=ztoNvGblZN7Xsx5wE054JQ%3D%3D&trk=flagship3_search_srp_jobs
23,2,UX/UI Designer,UX/UI Designer,Garaje de Ideas,"Madrid, Espanha",https://www.linkedin.com/jobs/view/2567858621/?eBP=JOB_SEARCH_ORGANIC&recommendedFlavor=ACTIVELY_HIRING_COMPANY&refId=yTLkvhAkj0Gx0GxMZdEFlQ%3D%3D&trackingId=DwZiHAbV3D7UNZgBJz%2FrFg%3D%3D&trk=flagship3_search_srp_jobs
24,0,UX/UI Designer,UX UI/Product Designer (Remote),"Loka, Inc.","Lisboa, Portugal",https://www.linkedin.com/jobs/view/2570699562/?eBP=CwEAAAF50UzxyfvQ5IqK5ZxDklJT7ax1czd3DL8ouOOiCEYwf_QSWVHh27i5ok0sOkmZAfMJB1clY6ZfVIW9iN7JDEnHhWbgdTgmNXKRiEGE-ZcHkomUlwb9SZzq7TutDreiYrWtVL2xPnsAr7pKaq03x91FgdeiOnxv5BC4TsOkLlgQFhVDmc-QNReNrLnCsxuRPLbOWQ3qadhcElV88C9Pvnr7WSQ2xSP40PwlQWXuLYBaFJheWy5gGAEBhNgPI-vrNzyaFEXFwYyRRufCX_7WPH-Jz9RaZWCUoBe5eh-e0kWmY_XqW2uph50ROrifOx09P_8rXnyWHQLzr_ljho3H4e4cjd7PWfGJrSKJscY7-dRr5ts&recommendedFlavor=ACTIVELY_HIRING_COMPANY&refId=e9I6wgoBhNLYTlVEqenYRw%3D%3D&trackingId=9eq7NeH54yn%2FFb1DUwrXgQ%3D%3D&trk=flagship3_search_srp_jobs
25,1,UX/UI Designer,UX/UI Designer,BOLD by Devoteam,"Lisboa, Portugal",https://www.linkedin.com/jobs/view/1747541134/?eBP=CwEAAAF50UzxyXQhnozYeahEmqJw6A7nUZdUWNHk61GgFXwBBU_-RFrYJjvw-m0r5WH1f18CjByfmbr93ufEqcn3pfG6Ep7GXXBBXOY5RwzkM0W3IVYVvnBzpWzf17TcJ88QSlI7qjzGOCczQWOZpMCLSOi0M3Tp1QxKnNZNz7r4q2thSCiKW8WO99MwU3ahzx14sw1ov3ZaRyl47U7f0hIwZyC7DxukLauf69pMgvp1Blu8ouxI1Vl11KJNQecl_o-drDDE3IzthKuE8Ja32SckhUZYvDP2QxzY6ZVVwgDfuEF4AD1ouFwzWGYuVhgqSAlKHmadtKCHNfKv_P_7x6IpSU5jQDMZwMG6a_xBMBf1NyYL9TtG4pAvLr7X__8X&recommendedFlavor=COMPANY_RECRUIT&refId=e9I6wgoBhNLYTlVEqenYRw%3D%3D&trackingId=EDQIzFfGuSoE57WyGjF5mg%3D%3D&trk=flagship3_search_srp_jobs
0,0,Web Developer,Web Engineer,Spotify,"Estocolmo, Suécia",https://www.linkedin.com/jobs/view/2461198534/?eBP=JOB_SEARCH_ORGANIC&recommendedFlavor=COMPANY_RECRUIT&refId=vRYLhUsbvqtnvVV2pINbBg%3D%3D&trackingId=QRT6GP8Q5XzIbu18adtCEA%3D%3D&trk=flagship3_search_srp_jobs
1,1,Web Developer,Frontend Engineer,WarnerMedia,"Estocolmo, Suécia",https://www.linkedin.com/jobs/view/2551246585/?eBP=JOB_SEARCH_ORGANIC&recommendedFlavor=COMPANY_RECRUIT&refId=vRYLhUsbvqtnvVV2pINbBg%3D%3D&trackingId=PiUgRTDBdLhcrfv8qNbN6w%3D%3D&trk=flagship3_search_srp_jobs
2,2,Web Developer,Fullstack Javascript Engineer,Klarna,"Estocolmo, Suécia",https://www.linkedin.com/jobs/view/1509110501/?eBP=JOB_SEARCH_ORGANIC&recommendedFlavor=COMPANY_RECRUIT&refId=vRYLhUsbvqtnvVV2pINbBg%3D%3D&trackingId=ZLW4cdY9119XvmWuhPu5zw%3D%3D&trk=flagship3_search_srp_jobs
3,3,Web Developer,Frontend Developer,Volvo Group,"Gotemburgo, Suécia",https://www.linkedin.com/jobs/view/2566009334/?eBP=JOB_SEARCH_ORGANIC&recommendedFlavor=ACTIVELY_HIRING_COMPANY&refId=vRYLhUsbvqtnvVV2pINbBg%3D%3D&trackingId=HNncgCV1OP%2BLiMfnhAI61w%3D%3D&trk=flagship3_search_srp_jobs
4,4,Web Developer,Junior Fullstack Web Developer,Moank,"Estocolmo, Suécia",https://www.linkedin.com/jobs/view/2560351029/?eBP=JOB_SEARCH_ORGANIC&recommendedFlavor=ACTIVELY_HIRING_COMPANY&refId=vRYLhUsbvqtnvVV2pINbBg%3D%3D&trackingId=f2vnfljCu%2Fe%2BocaqvTwRXg%3D%3D&trk=flagship3_search_srp_jobs
5,0,Web Developer,Front End Software Engineer,Google,"Munique, Alemanha",https://www.linkedin.com/jobs/view/2568575563/?eBP=JOB_SEARCH_ORGANIC&recommendedFlavor=COMPANY_RECRUIT&refId=OYMGudaGxDTcSTRsOwPiMw%3D%3D&trackingId=Ll3H6ZJfT0EzT54tAsa2Hg%3D%3D&trk=flagship3_search_srp_jobs
6,1,Web Developer,Front End Engineer,Amazon,"Berlim, Alemanha",https://www.linkedin.com/jobs/view/2497774881/?eBP=JOB_SEARCH_ORGANIC&recommendedFlavor=COMPANY_RECRUIT&refId=OYMGudaGxDTcSTRsOwPiMw%3D%3D&trackingId=NhO%2FmiKTqn%2Fp%2Bp%2FUsNxVTw%3D%3D&trk=flagship3_search_srp_jobs
7,2,Web Developer,Software Engineer - Web Developer,Klarna,"Gießen, Alemanha",https://www.linkedin.com/jobs/view/2218712036/?eBP=JOB_SEARCH_ORGANIC&recommendedFlavor=COMPANY_RECRUIT&refId=OYMGudaGxDTcSTRsOwPiMw%3D%3D&trackingId=u2VTIbfk48GZAhEL1vAZrg%3D%3D&trk=flagship3_search_srp_jobs
8,3,Web Developer,(Junior) Frontend Developer (f/m/d) GreenToken,SAP,"Potsdam, Alemanha",https://www.linkedin.com/jobs/view/2579001816/?eBP=JOB_SEARCH_ORGANIC&recommendedFlavor=COMPANY_RECRUIT&refId=OYMGudaGxDTcSTRsOwPiMw%3D%3D&trackingId=DxOBRyowai8y%2B5F3gLNLaA%3D%3D&trk=flagship3_search_srp_jobs
9,4,Web Developer,Junior Fullstack Developer (f/m/x),Tomorrow,"Hamburgo, Alemanha",https://www.linkedin.com/jobs/view/2498012850/?eBP=JOB_SEARCH_ORGANIC&refId=OYMGudaGxDTcSTRsOwPiMw%3D%3D&trackingId=Z9xgIADBaFH12UQ8e9WZEA%3D%3D&trk=flagship3_search_srp_jobs
10,0,Web Developer,Web Developer L&D,Amazon,"Londres, Inglaterra",https://www.linkedin.com/jobs/view/2478350446/?eBP=JOB_SEARCH_ORGANIC&recommendedFlavor=COMPANY_RECRUIT&refId=owWFz6ucvMgKRGxTLBMaGA%3D%3D&trackingId=TiVIIifZP1uTE%2B5W3HEvVg%3D%3D&trk=flagship3_search_srp_jobs
11,1,Web Developer,Web Designer,UNIQLO EUROPE LTD,"Londres, Inglaterra",https://www.linkedin.com/jobs/view/2529090007/?eBP=JOB_SEARCH_ORGANIC&recommendedFlavor=ACTIVELY_HIRING_COMPANY&refId=owWFz6ucvMgKRGxTLBMaGA%3D%3D&trackingId=hsnfYh9GgcUDNL3FSsmQMw%3D%3D&trk=flagship3_search_srp_jobs
12,2,Web Developer,Front End Engineer,Facebook,"Londres, Inglaterra",https://www.linkedin.com/jobs/view/2428861079/?eBP=JOB_SEARCH_ORGANIC&recommendedFlavor=COMPANY_RECRUIT&refId=owWFz6ucvMgKRGxTLBMaGA%3D%3D&trackingId=q8DmABN86tC7wAjQTY9zxQ%3D%3D&trk=flagship3_search_srp_jobs
13,3,Web Developer,Frontend Engineer,WarnerMedia,"Londres, Inglaterra",https://www.linkedin.com/jobs/view/2447210593/?eBP=JOB_SEARCH_ORGANIC&recommendedFlavor=COMPANY_RECRUIT&refId=owWFz6ucvMgKRGxTLBMaGA%3D%3D&trackingId=JRWLrbT%2FjquU0AtjlT9uNg%3D%3D&trk=flagship3_search_srp_jobs
14,4,Web Developer,Front-End Web Developer,Morgan Stanley,"Londres, Inglaterra",https://www.linkedin.com/jobs/view/2542108712/?eBP=JOB_SEARCH_ORGANIC&recommendedFlavor=COMPANY_RECRUIT&refId=owWFz6ucvMgKRGxTLBMaGA%3D%3D&trackingId=1IJdUBReHnABZCoW6aXisg%3D%3D&trk=flagship3_search_srp_jobs
15,0,Web Developer,Web Developer - Back e Front,IBM,"Rio de Janeiro, Brasil",https://www.linkedin.com/jobs/view/2548633578/?eBP=JOB_SEARCH_ORGANIC&recommendedFlavor=COMPANY_RECRUIT&refId=R6m0R0oLwAvJvyccO8xzeQ%3D%3D&trackingId=DF%2FewfAGHMuO2ONwWZShVQ%3D%3D&trk=flagship3_search_srp_jobs
16,1,Web Developer,Web Designer Jr,CENTAURO,"São Paulo, Brasil",https://www.linkedin.com/jobs/view/2554845728/?eBP=JOB_SEARCH_ORGANIC&recommendedFlavor=ACTIVELY_HIRING_COMPANY&refId=R6m0R0oLwAvJvyccO8xzeQ%3D%3D&trackingId=X%2BImIt7IsT5xPTQcHp74EQ%3D%3D&trk=flagship3_search_srp_jobs
17,2,Web Developer,Frontend Engineer - eero,Amazon,"São Paulo, Brasil",https://www.linkedin.com/jobs/view/2495086657/?eBP=JOB_SEARCH_ORGANIC&recommendedFlavor=COMPANY_RECRUIT&refId=R6m0R0oLwAvJvyccO8xzeQ%3D%3D&trackingId=i9qHUCIJQm74m7uOxanFVw%3D%3D&trk=flagship3_search_srp_jobs
18,3,Web Developer,Web Developer,AQUIRIS,"Porto Alegre, Brasil",https://www.linkedin.com/jobs/view/2577019255/?eBP=JOB_SEARCH_ORGANIC&refId=R6m0R0oLwAvJvyccO8xzeQ%3D%3D&trackingId=4i1M6f99FAjH8hYYYjlS4Q%3D%3D&trk=flagship3_search_srp_jobs
19,4,Web Developer,Web Developer - Front End,VTEX,"Rio de Janeiro, Brasil",https://www.linkedin.com/jobs/view/2531589348/?eBP=JOB_SEARCH_ORGANIC&recommendedFlavor=COMPANY_RECRUIT&refId=R6m0R0oLwAvJvyccO8xzeQ%3D%3D&trackingId=Hs0snRE5TBYt6NBIA5Upfg%3D%3D&trk=flagship3_search_srp_jobs
20,0,Web Developer,Junior Frontend Developer,Translated,"Roma, Itália",https://www.linkedin.com/jobs/view/2524457487/?eBP=JOB_SEARCH_ORGANIC&recommendedFlavor=ACTIVELY_HIRING_COMPANY&refId=wnCvCW1JtGSMjK4zAZqjpw%3D%3D&trackingId=pUfnCJk7q5Aw9Bkn7Ux7Hg%3D%3D&trk=flagship3_search_srp_jobs
21,0,Web Developer,Frontend Engineer,WarnerMedia,"Madrid, Espanha",https://www.linkedin.com/jobs/view/2447209662/?eBP=JOB_SEARCH_ORGANIC&recommendedFlavor=COMPANY_RECRUIT&refId=glrdCok6rPFGqSnPOUKYZQ%3D%3D&trackingId=MxHg6jY2kZ8jjjpZFqYFkw%3D%3D&trk=flagship3_search_srp_jobs
22,1,Web Developer,Junior Web Developer,Etnia Barcelona,"Barcelona, Espanha",https://www.linkedin.com/jobs/view/2535421499/?eBP=JOB_SEARCH_ORGANIC&recommendedFlavor=COMPANY_RECRUIT&refId=glrdCok6rPFGqSnPOUKYZQ%3D%3D&trackingId=EEMdCpVt%2FkWd4BiRF42hUQ%3D%3D&trk=flagship3_search_srp_jobs
23,0,Web Developer,Frontend Web Developer & UX Designer,MyPrivateBoutique & MyPrivateDressing,"Guimarães, Portugal",https://www.linkedin.com/jobs/view/2546109849/?eBP=CwEAAAF5zsCSEMW6JGPyf7o6W3MEQ1G2UhmbeLIv_tWOnr2jFvtZVwRMkX6GuIh_ebpvC7nHSW9NuoX6vEqAQ-4eySjXpswuUxEYnr4Q0XtWTuzai323B_52SAcZ6oXsxib6WHv9r8qqJ8uRZ9_UWXNp2YPlqFrAoXhKVlrxygmatWkiMSq3CFTzOIkWUYmt156kK0q3elrdTta-lswF_mTYuvtX4n7dNsBALjptraO_w0-uY5wLsfQlSqOU0Ye47P55A9gBS6AWMsYcAB9QnZLH0jTkfc0K_JUWTJlhlQsT_UHtpejNbjD9idm5bic0hzsaSVQCnr9b3oNj9bqcIRsecbBbIrtfs2nt1q52S4OSUB6XdJln7b90lFCcrOXCQsnoLbgBzHWgGuYeWmW9THqyvdThog&recommendedFlavor=ACTIVELY_HIRING_COMPANY&refId=bPtVj6%2BbsgiguhncfidHRA%3D%3D&trackingId=qvu2k1L4EKSM6h9wUKZ6DQ%3D%3D&trk=flagship3_search_srp_jobs
24,1,Web Developer,Perl Web Developer,BOLD by Devotam,"Lisboa, Portugal",https://www.linkedin.com/jobs/view/1697760822/?eBP=CwEAAAF5zsCSELfqF7J_uUzUBa0UorNiYSdmQOqdugoacl0a2V3NycU6sesRPR6-Jw05Odi2YgLPn77S8eVQTS_g-masvY1ON6MNA3MR8cZBkInP1Oq1QnU_CaR6PnpqEygvh06ZRBuQgVz_lhJPkE3q8qXXF5gLkIDTPt8wdUG7V2csNKweR4GpPD0pA_2wDvlhKt3dw14DmyVcQxaXt4LzKQ9BeOIDuDXKSL3wfyfQl5oSEor_ziVg2y99LhQdzzfrKjJCFQGwBg8z_lS8kEahW_m0yrgQ22ZgfYjI3TYijKVOjACIUh3Ts-lFhZHWqPHkXFIq6ocvfO43Yutf07aseKA&recommendedFlavor=COMPANY_RECRUIT&refId=bPtVj6%2BbsgiguhncfidHRA%3D%3D&trackingId=no1n6duMZGqHzMRlN6s2qQ%3D%3D&trk=flagship3_search_srp_jobs
25,2,Web Developer,Web Developer,Equus Software,"Porto, Portugal",https://www.linkedin.com/jobs/view/2320880960/?eBP=CwEAAAF5zsCSEAwIRnQua1vYASBz93EAzNdBvJda69GGHsFMFTJNoCc-l7thKV-7pVk1H2uJxVg-HzwsE8-3dQ-BTjpII001pnMbszL_F8zmt9YuOgqLWwBijGosurXgAUQS1rpfYJO7vtS8HUmRXwUWUfmncXbCCeKqjqmciIHbFMyT98yW8i5ggZqYJ9tNbv1GL0bXEJFlpHFCUEWwMleBACoctENXEYWmkOqsk3203XbcJK1qAuw1QSVStAPUcXz8gp37vGb7qthvwB88mlttF2nMr1-eclzf42_h6tZJdm0efC2xQdwDwhu0REQK_hfuKMKDfC5K4Dl6KsrN1ppx7DkDPLxo&recommendedFlavor=COMPANY_RECRUIT&refId=bPtVj6%2BbsgiguhncfidHRA%3D%3D&trackingId=7Cm9O8G9Vj8Gf%2BV9VLVqng%3D%3D&trk=flagship3_search_srp_jobs
26,3,Web Developer,Web Application Developer,WireMaze,"Lisboa, Portugal",https://www.linkedin.com/jobs/view/2559171197/?eBP=CwEAAAF5zsCSERL95zd-8AyFaSiR1rE4PL9JYSVPqg_p18p9bhKEoTKGZwRbUjvoM7LYR3q_aaJwxIKvej8vXK_UeUc2xYRVjbQsrsscVyVCJ99j-8GSF7-8yIxtZEuCh42knGXO5YnjqYNIE9KkaWlpFKyJ52a6DD46UP3jq66Ky1W1NoTi3ctrq3n1rYU-ZvVCHA8FEBYS0yrOEwdTR3piTSlgCrjFdNVbThI4LE9PX0IlCfnxwR-gm765te9qaMtcHPNU8NTgiZ-yxsZcie_VeYZ2RVcBNnORP8Vv-rov13vffUHYspjKLSB-ohoVj3UKMvKWpl8ImlL68jxMLYE2YJvk7w&recommendedFlavor=COMPANY_RECRUIT&refId=bPtVj6%2BbsgiguhncfidHRA%3D%3D&trackingId=n8OuEPA2SuYQ6%2FnZqiebRA%3D%3D&trk=flagship3_search_srp_jobs
27,4,Web Developer,Junior Web Developer,WireMaze,"Porto, Portugal",https://www.linkedin.com/jobs/view/2565283975/?eBP=JOB_SEARCH_ORGANIC&recommendedFlavor=ACTIVELY_HIRING_COMPANY&refId=bPtVj6%2BbsgiguhncfidHRA%3D%3D&trackingId=h7oXoRbqDqkiSLi6WoSmhg%3D%3D&trk=flagship3_search_srp_jobs
